"","hour","wday","N","Acorn_group","stdorToU"
"1",0,"Sun",254.500239387169,"Comfortable","Std"
"2",0,"Mon",241.393313118417,"Comfortable","Std"
"3",0,"Tue",234.549988256479,"Comfortable","Std"
"4",0,"Wed",239.779883498244,"Comfortable","Std"
"5",0,"Thu",239.770068624322,"Comfortable","Std"
"6",0,"Fri",240.123164698372,"Comfortable","Std"
"7",0,"Sat",251.305258538142,"Comfortable","Std"
"8",1,"Sun",179.739267475263,"Comfortable","Std"
"9",1,"Mon",168.680976699649,"Comfortable","Std"
"10",1,"Tue",166.265755891333,"Comfortable","Std"
"11",1,"Wed",168.29249122247,"Comfortable","Std"
"12",1,"Thu",168.030282476859,"Comfortable","Std"
"13",1,"Fri",171.110517076285,"Comfortable","Std"
"14",1,"Sat",176.157596552825,"Comfortable","Std"
"15",2,"Sun",141.091366102777,"Comfortable","Std"
"16",2,"Mon",133.592922119374,"Comfortable","Std"
"17",2,"Tue",133.683003209896,"Comfortable","Std"
"18",2,"Wed",133.739147781679,"Comfortable","Std"
"19",2,"Thu",134.302984360038,"Comfortable","Std"
"20",2,"Fri",134.622725821896,"Comfortable","Std"
"21",2,"Sat",138.411107564635,"Comfortable","Std"
"22",3,"Sun",123.367938078519,"Comfortable","Std"
"23",3,"Mon",117.647661985318,"Comfortable","Std"
"24",3,"Tue",117.935410631801,"Comfortable","Std"
"25",3,"Wed",116.231367698691,"Comfortable","Std"
"26",3,"Thu",117.468759974465,"Comfortable","Std"
"27",3,"Fri",118.973627513565,"Comfortable","Std"
"28",3,"Sat",121.466286307054,"Comfortable","Std"
"29",4,"Sun",117.890719757421,"Comfortable","Std"
"30",4,"Mon",117.07899776572,"Comfortable","Std"
"31",4,"Tue",116.586040867455,"Comfortable","Std"
"32",4,"Wed",115.76839291414,"Comfortable","Std"
"33",4,"Thu",118.006104372806,"Comfortable","Std"
"34",4,"Fri",117.269510054261,"Comfortable","Std"
"35",4,"Sat",118.577840727737,"Comfortable","Std"
"36",5,"Sun",126.825726141079,"Comfortable","Std"
"37",5,"Mon",134.990424513246,"Comfortable","Std"
"38",5,"Tue",137.090777421123,"Comfortable","Std"
"39",5,"Wed",135.913581232046,"Comfortable","Std"
"40",5,"Thu",137.477697095436,"Comfortable","Std"
"41",5,"Fri",137.701723587616,"Comfortable","Std"
"42",5,"Sat",129.338533354612,"Comfortable","Std"
"43",6,"Sun",150.040815512289,"Comfortable","Std"
"44",6,"Mon",178.779085541015,"Comfortable","Std"
"45",6,"Tue",184.288225162452,"Comfortable","Std"
"46",6,"Wed",183.304460580913,"Comfortable","Std"
"47",6,"Thu",180.074609000958,"Comfortable","Std"
"48",6,"Fri",182.802306096393,"Comfortable","Std"
"49",6,"Sat",154.93181455474,"Comfortable","Std"
"50",7,"Sun",174.898021066071,"Comfortable","Std"
"51",7,"Mon",217.744613788701,"Comfortable","Std"
"52",7,"Tue",214.826274172082,"Comfortable","Std"
"53",7,"Wed",216.815791573572,"Comfortable","Std"
"54",7,"Thu",217.430896903926,"Comfortable","Std"
"55",7,"Fri",219.592084264283,"Comfortable","Std"
"56",7,"Sat",181.823811043728,"Comfortable","Std"
"57",8,"Sun",214.592044366422,"Comfortable","Std"
"58",8,"Mon",229.159551548037,"Comfortable","Std"
"59",8,"Tue",227.309911532138,"Comfortable","Std"
"60",8,"Wed",230.850781998085,"Comfortable","Std"
"61",8,"Thu",228.858881263964,"Comfortable","Std"
"62",8,"Fri",234.029803702522,"Comfortable","Std"
"63",8,"Sat",220.946656559208,"Comfortable","Std"
"64",9,"Sun",247.87228694542,"Comfortable","Std"
"65",9,"Mon",225.069182891797,"Comfortable","Std"
"66",9,"Tue",210.161434275425,"Comfortable","Std"
"67",9,"Wed",218.300430896904,"Comfortable","Std"
"68",9,"Thu",212.801986913501,"Comfortable","Std"
"69",9,"Fri",228.577322055538,"Comfortable","Std"
"70",9,"Sat",245.472310884137,"Comfortable","Std"
"71",10,"Sun",263.657636450686,"Comfortable","Std"
"72",10,"Mon",216.66370092563,"Comfortable","Std"
"73",10,"Tue",202.112620371095,"Comfortable","Std"
"74",10,"Wed",206.9567108203,"Comfortable","Std"
"75",10,"Thu",200.568305138845,"Comfortable","Std"
"76",10,"Fri",219.514802106607,"Comfortable","Std"
"77",10,"Sat",251.456032556655,"Comfortable","Std"
"78",11,"Sun",276.194861155442,"Comfortable","Std"
"79",11,"Mon",213.630785189914,"Comfortable","Std"
"80",11,"Tue",199.095357394504,"Comfortable","Std"
"81",11,"Wed",204.135333546122,"Comfortable","Std"
"82",11,"Thu",200.901571975742,"Comfortable","Std"
"83",11,"Fri",216.12392275774,"Comfortable","Std"
"84",11,"Sat",250.145347909352,"Comfortable","Std"
"85",12,"Sun",284.313517395468,"Comfortable","Std"
"86",12,"Mon",215.098827002873,"Comfortable","Std"
"87",12,"Tue",198.832341658185,"Comfortable","Std"
"88",12,"Wed",204.328518991382,"Comfortable","Std"
"89",12,"Thu",202.955593680179,"Comfortable","Std"
"90",12,"Fri",215.771544845196,"Comfortable","Std"
"91",12,"Sat",247.77218321098,"Comfortable","Std"
"92",13,"Sun",283.230130864986,"Comfortable","Std"
"93",13,"Mon",212.757261410788,"Comfortable","Std"
"94",13,"Tue",200.92006576372,"Comfortable","Std"
"95",13,"Wed",201.773100861794,"Comfortable","Std"
"96",13,"Thu",199.319581870412,"Comfortable","Std"
"97",13,"Fri",210.613389722311,"Comfortable","Std"
"98",13,"Sat",248.128231726779,"Comfortable","Std"
"99",14,"Sun",276.665895308011,"Comfortable","Std"
"100",14,"Mon",205.062639642515,"Comfortable","Std"
"101",14,"Tue",197.011782666562,"Comfortable","Std"
"102",14,"Wed",201.115783593999,"Comfortable","Std"
"103",14,"Thu",195.276292690712,"Comfortable","Std"
"104",14,"Fri",208.302784870731,"Comfortable","Std"
"105",14,"Sat",242.155481966167,"Comfortable","Std"
"106",15,"Sun",281.014363230131,"Comfortable","Std"
"107",15,"Mon",214.988948292372,"Comfortable","Std"
"108",15,"Tue",209.310616143428,"Comfortable","Std"
"109",15,"Wed",209.809966485796,"Comfortable","Std"
"110",15,"Thu",207.256583147143,"Comfortable","Std"
"111",15,"Fri",214.640081391637,"Comfortable","Std"
"112",15,"Sat",249.359679221194,"Comfortable","Std"
"113",16,"Sun",303.286307053942,"Comfortable","Std"
"114",16,"Mon",253.027848707309,"Comfortable","Std"
"115",16,"Tue",246.714554137634,"Comfortable","Std"
"116",16,"Wed",245.181056495372,"Comfortable","Std"
"117",16,"Thu",244.207748164698,"Comfortable","Std"
"118",16,"Fri",248.431295882541,"Comfortable","Std"
"119",16,"Sat",270.592403447175,"Comfortable","Std"
"120",17,"Sun",331.240504308969,"Comfortable","Std"
"121",17,"Mon",302.994254707948,"Comfortable","Std"
"122",17,"Tue",300.859077742112,"Comfortable","Std"
"123",17,"Wed",293.895746887967,"Comfortable","Std"
"124",17,"Thu",293.599225981487,"Comfortable","Std"
"125",17,"Fri",294.673475901692,"Comfortable","Std"
"126",17,"Sat",299.301468241302,"Comfortable","Std"
"127",18,"Sun",347.86662144909,"Comfortable","Std"
"128",18,"Mon",342.304300989467,"Comfortable","Std"
"129",18,"Tue",340.001017771863,"Comfortable","Std"
"130",18,"Wed",330.651811362911,"Comfortable","Std"
"131",18,"Thu",327.187041174593,"Comfortable","Std"
"132",18,"Fri",327.402290137249,"Comfortable","Std"
"133",18,"Sat",327.874321736355,"Comfortable","Std"
"134",19,"Sun",345.878072135334,"Comfortable","Std"
"135",19,"Mon",353.60660708586,"Comfortable","Std"
"136",19,"Tue",348.125968840523,"Comfortable","Std"
"137",19,"Wed",345.952601340568,"Comfortable","Std"
"138",19,"Thu",339.724225981487,"Comfortable","Std"
"139",19,"Fri",334.08765560166,"Comfortable","Std"
"140",19,"Sat",330.90584104692,"Comfortable","Std"
"141",20,"Sun",335.43532556655,"Comfortable","Std"
"142",20,"Mon",347.487751356527,"Comfortable","Std"
"143",20,"Tue",341.438933688249,"Comfortable","Std"
"144",20,"Wed",342.545323970635,"Comfortable","Std"
"145",20,"Thu",337.71564794127,"Comfortable","Std"
"146",20,"Fri",326.472630067028,"Comfortable","Std"
"147",20,"Sat",321.985317586977,"Comfortable","Std"
"148",21,"Sun",318.347151292691,"Comfortable","Std"
"149",21,"Mon",328.616781040536,"Comfortable","Std"
"150",21,"Tue",323.731112502936,"Comfortable","Std"
"151",21,"Wed",324.62148898819,"Comfortable","Std"
"152",21,"Thu",319.388046600702,"Comfortable","Std"
"153",21,"Fri",312.716326204915,"Comfortable","Std"
"154",21,"Sat",307.197693903607,"Comfortable","Std"
"155",22,"Sun",274.126436323013,"Comfortable","Std"
"156",22,"Mon",277.649936163422,"Comfortable","Std"
"157",22,"Tue",275.174939325139,"Comfortable","Std"
"158",22,"Wed",273.632141717204,"Comfortable","Std"
"159",22,"Thu",273.690233003511,"Comfortable","Std"
"160",22,"Fri",277.169685604852,"Comfortable","Std"
"161",22,"Sat",274.638764762209,"Comfortable","Std"
"162",23,"Sun",214.697294924992,"Comfortable","Std"
"163",23,"Mon",211.357325247367,"Comfortable","Std"
"164",23,"Tue",215.480036013466,"Comfortable","Std"
"165",23,"Wed",213.060046281519,"Comfortable","Std"
"166",23,"Thu",213.361235237791,"Comfortable","Std"
"167",23,"Fri",219.394430258538,"Comfortable","Std"
"168",23,"Sat",224.794127034791,"Comfortable","Std"
"169",0,"Sun",151.2708113804,"Comfortable","ToU"
"170",0,"Mon",136.293993677555,"Comfortable","ToU"
"171",0,"Tue",136.747479968984,"Comfortable","ToU"
"172",0,"Wed",137.837855637513,"Comfortable","ToU"
"173",0,"Thu",137.54583772392,"Comfortable","ToU"
"174",0,"Fri",136.973261327713,"Comfortable","ToU"
"175",0,"Sat",150.170179135933,"Comfortable","ToU"
"176",1,"Sun",118.672681770285,"Comfortable","ToU"
"177",1,"Mon",109.652528977871,"Comfortable","ToU"
"178",1,"Tue",108.83329025588,"Comfortable","ToU"
"179",1,"Wed",109.575342465753,"Comfortable","ToU"
"180",1,"Thu",106.212460484721,"Comfortable","ToU"
"181",1,"Fri",109.056375131718,"Comfortable","ToU"
"182",1,"Sat",116.743018967334,"Comfortable","ToU"
"183",2,"Sun",101.027002107482,"Comfortable","ToU"
"184",2,"Mon",94.8536617492097,"Comfortable","ToU"
"185",2,"Tue",96.7470922719049,"Comfortable","ToU"
"186",2,"Wed",94.1572708113804,"Comfortable","ToU"
"187",2,"Thu",94.9917017913593,"Comfortable","ToU"
"188",2,"Fri",96.3403582718651,"Comfortable","ToU"
"189",2,"Sat",102.503029504742,"Comfortable","ToU"
"190",3,"Sun",93.1149894625922,"Comfortable","ToU"
"191",3,"Mon",91.195468914647,"Comfortable","ToU"
"192",3,"Tue",93.1983716722667,"Comfortable","ToU"
"193",3,"Wed",93.2497365648051,"Comfortable","ToU"
"194",3,"Thu",91.4619336143309,"Comfortable","ToU"
"195",3,"Fri",93.3560326659642,"Comfortable","ToU"
"196",3,"Sat",94.3040042149631,"Comfortable","ToU"
"197",4,"Sun",91.9504741833509,"Comfortable","ToU"
"198",4,"Mon",92.9828767123288,"Comfortable","ToU"
"199",4,"Tue",95.7333936417679,"Comfortable","ToU"
"200",4,"Wed",93.2760800842993,"Comfortable","ToU"
"201",4,"Thu",93.5529504741833,"Comfortable","ToU"
"202",4,"Fri",95.6082718651212,"Comfortable","ToU"
"203",4,"Sat",93.2687038988409,"Comfortable","ToU"
"204",5,"Sun",98.3196786090622,"Comfortable","ToU"
"205",5,"Mon",102.743940990516,"Comfortable","ToU"
"206",5,"Tue",106.385112432153,"Comfortable","ToU"
"207",5,"Wed",105.338119072708,"Comfortable","ToU"
"208",5,"Thu",106.026080084299,"Comfortable","ToU"
"209",5,"Fri",106.993545837724,"Comfortable","ToU"
"210",5,"Sat",99.2042939936776,"Comfortable","ToU"
"211",6,"Sun",116.149762908325,"Comfortable","ToU"
"212",6,"Mon",137.507639620653,"Comfortable","ToU"
"213",6,"Tue",145.032566554665,"Comfortable","ToU"
"214",6,"Wed",142.276080084299,"Comfortable","ToU"
"215",6,"Thu",140.911222339305,"Comfortable","ToU"
"216",6,"Fri",142.038198103267,"Comfortable","ToU"
"217",6,"Sat",119.69112223393,"Comfortable","ToU"
"218",7,"Sun",158.440463645943,"Comfortable","ToU"
"219",7,"Mon",190.360247629083,"Comfortable","ToU"
"220",7,"Tue",199.113595244249,"Comfortable","ToU"
"221",7,"Wed",200.895021074816,"Comfortable","ToU"
"222",7,"Thu",199.095626975764,"Comfortable","ToU"
"223",7,"Fri",193.278846153846,"Comfortable","ToU"
"224",7,"Sat",164.265147523709,"Comfortable","ToU"
"225",8,"Sun",195.8958113804,"Comfortable","ToU"
"226",8,"Mon",209.649367755532,"Comfortable","ToU"
"227",8,"Tue",208.383690876195,"Comfortable","ToU"
"228",8,"Wed",210.052160168599,"Comfortable","ToU"
"229",8,"Thu",211.338250790306,"Comfortable","ToU"
"230",8,"Fri",211.987618545838,"Comfortable","ToU"
"231",8,"Sat",196.589436248683,"Comfortable","ToU"
"232",9,"Sun",216.601949420443,"Comfortable","ToU"
"233",9,"Mon",192.023314014752,"Comfortable","ToU"
"234",9,"Tue",190.985655208064,"Comfortable","ToU"
"235",9,"Wed",190.922154899895,"Comfortable","ToU"
"236",9,"Thu",191.459826132771,"Comfortable","ToU"
"237",9,"Fri",197.155690200211,"Comfortable","ToU"
"238",9,"Sat",212.109325605901,"Comfortable","ToU"
"239",10,"Sun",223.257244467861,"Comfortable","ToU"
"240",10,"Mon",181.924262381454,"Comfortable","ToU"
"241",10,"Tue",175.786508141639,"Comfortable","ToU"
"242",10,"Wed",181.068097997893,"Comfortable","ToU"
"243",10,"Thu",175.402660695469,"Comfortable","ToU"
"244",10,"Fri",187.944942044257,"Comfortable","ToU"
"245",10,"Sat",210.505927291886,"Comfortable","ToU"
"246",11,"Sun",228.07863540569,"Comfortable","ToU"
"247",11,"Mon",186.469046364594,"Comfortable","ToU"
"248",11,"Tue",186.320883949341,"Comfortable","ToU"
"249",11,"Wed",185.20521601686,"Comfortable","ToU"
"250",11,"Thu",182.283719704953,"Comfortable","ToU"
"251",11,"Fri",196.440331928346,"Comfortable","ToU"
"252",11,"Sat",217.082455216017,"Comfortable","ToU"
"253",12,"Sun",237.849446786091,"Comfortable","ToU"
"254",12,"Mon",186.848129610116,"Comfortable","ToU"
"255",12,"Tue",185.251227707418,"Comfortable","ToU"
"256",12,"Wed",182.863672286617,"Comfortable","ToU"
"257",12,"Thu",178.304399367756,"Comfortable","ToU"
"258",12,"Fri",189.689805057956,"Comfortable","ToU"
"259",12,"Sat",225.940727081138,"Comfortable","ToU"
"260",13,"Sun",230.608930453109,"Comfortable","ToU"
"261",13,"Mon",178.211143308746,"Comfortable","ToU"
"262",13,"Tue",178.343370379943,"Comfortable","ToU"
"263",13,"Wed",175.057955742887,"Comfortable","ToU"
"264",13,"Thu",171.847075869336,"Comfortable","ToU"
"265",13,"Fri",175.593519494204,"Comfortable","ToU"
"266",13,"Sat",220.534641728135,"Comfortable","ToU"
"267",14,"Sun",222.04373024236,"Comfortable","ToU"
"268",14,"Mon",174.194942044257,"Comfortable","ToU"
"269",14,"Tue",172.382657017317,"Comfortable","ToU"
"270",14,"Wed",172.952845100105,"Comfortable","ToU"
"271",14,"Thu",170.80835089568,"Comfortable","ToU"
"272",14,"Fri",174.293861959958,"Comfortable","ToU"
"273",14,"Sat",210.817307692308,"Comfortable","ToU"
"274",15,"Sun",230.800184404636,"Comfortable","ToU"
"275",15,"Mon",180.691912539515,"Comfortable","ToU"
"276",15,"Tue",180.336779529594,"Comfortable","ToU"
"277",15,"Wed",174.23906743941,"Comfortable","ToU"
"278",15,"Thu",176.404109589041,"Comfortable","ToU"
"279",15,"Fri",185.79636459431,"Comfortable","ToU"
"280",15,"Sat",209.836933614331,"Comfortable","ToU"
"281",16,"Sun",244.946390937829,"Comfortable","ToU"
"282",16,"Mon",206.833904109589,"Comfortable","ToU"
"283",16,"Tue",206.550659085035,"Comfortable","ToU"
"284",16,"Wed",200.15727081138,"Comfortable","ToU"
"285",16,"Thu",201.656612223393,"Comfortable","ToU"
"286",16,"Fri",207.96404109589,"Comfortable","ToU"
"287",16,"Sat",223.312961011591,"Comfortable","ToU"
"288",17,"Sun",259.404636459431,"Comfortable","ToU"
"289",17,"Mon",247.244336143309,"Comfortable","ToU"
"290",17,"Tue",255.579219436547,"Comfortable","ToU"
"291",17,"Wed",236.69375658588,"Comfortable","ToU"
"292",17,"Thu",241.847602739726,"Comfortable","ToU"
"293",17,"Fri",240.997760800843,"Comfortable","ToU"
"294",17,"Sat",245.80677028451,"Comfortable","ToU"
"295",18,"Sun",267.777792413066,"Comfortable","ToU"
"296",18,"Mon",268.09009483667,"Comfortable","ToU"
"297",18,"Tue",277.344016541742,"Comfortable","ToU"
"298",18,"Wed",263.481032665964,"Comfortable","ToU"
"299",18,"Thu",265.784773445732,"Comfortable","ToU"
"300",18,"Fri",262.040964172814,"Comfortable","ToU"
"301",18,"Sat",258.596153846154,"Comfortable","ToU"
"302",19,"Sun",276.265937829294,"Comfortable","ToU"
"303",19,"Mon",273.525553213909,"Comfortable","ToU"
"304",19,"Tue",280.754716981132,"Comfortable","ToU"
"305",19,"Wed",261.303082191781,"Comfortable","ToU"
"306",19,"Thu",270.030953635406,"Comfortable","ToU"
"307",19,"Fri",262.581664910432,"Comfortable","ToU"
"308",19,"Sat",259.175184404636,"Comfortable","ToU"
"309",20,"Sun",269.611037934668,"Comfortable","ToU"
"310",20,"Mon",274.429399367756,"Comfortable","ToU"
"311",20,"Tue",272.975316619281,"Comfortable","ToU"
"312",20,"Wed",256.116570073762,"Comfortable","ToU"
"313",20,"Thu",260.828371970495,"Comfortable","ToU"
"314",20,"Fri",256.511591148577,"Comfortable","ToU"
"315",20,"Sat",249.399894625922,"Comfortable","ToU"
"316",21,"Sun",250.843387776607,"Comfortable","ToU"
"317",21,"Mon",263.241438356164,"Comfortable","ToU"
"318",21,"Tue",264.612432153011,"Comfortable","ToU"
"319",21,"Wed",250.649762908325,"Comfortable","ToU"
"320",21,"Thu",255.865384615385,"Comfortable","ToU"
"321",21,"Fri",245.725895679663,"Comfortable","ToU"
"322",21,"Sat",231.882112750263,"Comfortable","ToU"
"323",22,"Sun",222.767913593256,"Comfortable","ToU"
"324",22,"Mon",232.213250790306,"Comfortable","ToU"
"325",22,"Tue",233.433316102352,"Comfortable","ToU"
"326",22,"Wed",225.55887776607,"Comfortable","ToU"
"327",22,"Thu",226.109984193888,"Comfortable","ToU"
"328",22,"Fri",224.314936775553,"Comfortable","ToU"
"329",22,"Sat",210.143835616438,"Comfortable","ToU"
"330",23,"Sun",177.863672286617,"Comfortable","ToU"
"331",23,"Mon",179.199420442571,"Comfortable","ToU"
"332",23,"Tue",183.895063323856,"Comfortable","ToU"
"333",23,"Wed",176.441517386723,"Comfortable","ToU"
"334",23,"Thu",179.539515279241,"Comfortable","ToU"
"335",23,"Fri",187.674525816649,"Comfortable","ToU"
"336",23,"Sat",180.770943097998,"Comfortable","ToU"
"337",0,"Sun",284.708039453383,"Affluent","Std"
"338",0,"Mon",264.31006171479,"Affluent","Std"
"339",0,"Tue",260.609233929826,"Affluent","Std"
"340",0,"Wed",260.697900595107,"Affluent","Std"
"341",0,"Thu",263.202887370509,"Affluent","Std"
"342",0,"Fri",265.040500330615,"Affluent","Std"
"343",0,"Sat",279.684483138638,"Affluent","Std"
"344",1,"Sun",218.143238924399,"Affluent","Std"
"345",1,"Mon",203.776972669165,"Affluent","Std"
"346",1,"Tue",204.473941720279,"Affluent","Std"
"347",1,"Wed",200.767164425832,"Affluent","Std"
"348",1,"Thu",202.147922636103,"Affluent","Std"
"349",1,"Fri",205.683078025127,"Affluent","Std"
"350",1,"Sat",212.603399823672,"Affluent","Std"
"351",2,"Sun",179.92817390346,"Affluent","Std"
"352",2,"Mon",171.902193079127,"Affluent","Std"
"353",2,"Tue",172.248797102233,"Affluent","Std"
"354",2,"Wed",168.761020498127,"Affluent","Std"
"355",2,"Thu",169.971429358607,"Affluent","Std"
"356",2,"Fri",173.24782345162,"Affluent","Std"
"357",2,"Sat",177.26217765043,"Affluent","Std"
"358",3,"Sun",158.534990081552,"Affluent","Std"
"359",3,"Mon",154.121831606789,"Affluent","Std"
"360",3,"Tue",154.355436016651,"Affluent","Std"
"361",3,"Wed",151.824195503637,"Affluent","Std"
"362",3,"Thu",153.850424289178,"Affluent","Std"
"363",3,"Fri",155.034466607891,"Affluent","Std"
"364",3,"Sat",157.529094115054,"Affluent","Std"
"365",4,"Sun",153.031491073397,"Affluent","Std"
"366",4,"Mon",151.250137756227,"Affluent","Std"
"367",4,"Tue",152.855544142293,"Affluent","Std"
"368",4,"Wed",152.173545294247,"Affluent","Std"
"369",4,"Thu",153.631694952612,"Affluent","Std"
"370",4,"Fri",153.353620233635,"Affluent","Std"
"371",4,"Sat",152.484653956359,"Affluent","Std"
"372",5,"Sun",158.474680405554,"Affluent","Std"
"373",5,"Mon",166.769010359268,"Affluent","Std"
"374",5,"Tue",171.114883494621,"Affluent","Std"
"375",5,"Wed",170.136185805598,"Affluent","Std"
"376",5,"Thu",169.82317610756,"Affluent","Std"
"377",5,"Fri",170.155747189773,"Affluent","Std"
"378",5,"Sat",159.559262728675,"Affluent","Std"
"379",6,"Sun",176.750991844831,"Affluent","Std"
"380",6,"Mon",213.521131805158,"Affluent","Std"
"381",6,"Tue",220.355814456398,"Affluent","Std"
"382",6,"Wed",220.208425170818,"Affluent","Std"
"383",6,"Thu",221.845933436191,"Affluent","Std"
"384",6,"Fri",219.952942473,"Affluent","Std"
"385",6,"Sat",185.738125413269,"Affluent","Std"
"386",7,"Sun",194.725038571743,"Affluent","Std"
"387",7,"Mon",243.398363456028,"Affluent","Std"
"388",7,"Tue",248.749581013137,"Affluent","Std"
"389",7,"Wed",252.499228565131,"Affluent","Std"
"390",7,"Thu",252.322046506502,"Affluent","Std"
"391",7,"Fri",250.50611637646,"Affluent","Std"
"392",7,"Sat",207.511957240467,"Affluent","Std"
"393",8,"Sun",236.440461758871,"Affluent","Std"
"394",8,"Mon",261.175666740137,"Affluent","Std"
"395",8,"Tue",257.444288262962,"Affluent","Std"
"396",8,"Wed",263.924592241569,"Affluent","Std"
"397",8,"Thu",262.12764491955,"Affluent","Std"
"398",8,"Fri",266.65288186026,"Affluent","Std"
"399",8,"Sat",248.231513114393,"Affluent","Std"
"400",9,"Sun",271.025787965616,"Affluent","Std"
"401",9,"Mon",253.424041216663,"Affluent","Std"
"402",9,"Tue",249.166810834189,"Affluent","Std"
"403",9,"Wed",251.155113511131,"Affluent","Std"
"404",9,"Thu",252.973109984571,"Affluent","Std"
"405",9,"Fri",258.284301300419,"Affluent","Std"
"406",9,"Sat",270.400622658144,"Affluent","Std"
"407",10,"Sun",280.802760634781,"Affluent","Std"
"408",10,"Mon",249.402854309015,"Affluent","Std"
"409",10,"Tue",244.060036762718,"Affluent","Std"
"410",10,"Wed",240.97164976857,"Affluent","Std"
"411",10,"Thu",243.47299977959,"Affluent","Std"
"412",10,"Fri",253.437403570641,"Affluent","Std"
"413",10,"Sat",274.372520387922,"Affluent","Std"
"414",11,"Sun",284.399327749614,"Affluent","Std"
"415",11,"Mon",251.283309455587,"Affluent","Std"
"416",11,"Tue",241.827701789479,"Affluent","Std"
"417",11,"Wed",234.640346043641,"Affluent","Std"
"418",11,"Thu",238.100231430461,"Affluent","Std"
"419",11,"Fri",250.020112409081,"Affluent","Std"
"420",11,"Sat",273.392329733304,"Affluent","Std"
"421",12,"Sun",292.006722503857,"Affluent","Std"
"422",12,"Mon",251.060888252149,"Affluent","Std"
"423",12,"Tue",239.479861599178,"Affluent","Std"
"424",12,"Wed",235.434675997355,"Affluent","Std"
"425",12,"Thu",238.530609433546,"Affluent","Std"
"426",12,"Fri",248.050969803835,"Affluent","Std"
"427",12,"Sat",273.512480714128,"Affluent","Std"
"428",13,"Sun",288.995977518184,"Affluent","Std"
"429",13,"Mon",244.153240026449,"Affluent","Std"
"430",13,"Tue",239.548088879278,"Affluent","Std"
"431",13,"Wed",232.807582102711,"Affluent","Std"
"432",13,"Thu",235.215946660789,"Affluent","Std"
"433",13,"Fri",244.04182279039,"Affluent","Std"
"434",13,"Sat",270.286946219969,"Affluent","Std"
"435",14,"Sun",281.438092351774,"Affluent","Std"
"436",14,"Mon",239.314221952832,"Affluent","Std"
"437",14,"Tue",231.437476347516,"Affluent","Std"
"438",14,"Wed",226.175914701345,"Affluent","Std"
"439",14,"Thu",226.945944456689,"Affluent","Std"
"440",14,"Fri",238.461951730218,"Affluent","Std"
"441",14,"Sat",260.967269120564,"Affluent","Std"
"442",15,"Sun",285.341167070752,"Affluent","Std"
"443",15,"Mon",243.558133127617,"Affluent","Std"
"444",15,"Tue",239.097069795102,"Affluent","Std"
"445",15,"Wed",228.747327529204,"Affluent","Std"
"446",15,"Thu",234.058656601278,"Affluent","Std"
"447",15,"Fri",243.68205862905,"Affluent","Std"
"448",15,"Sat",265.945724046727,"Affluent","Std"
"449",16,"Sun",309.713467048711,"Affluent","Std"
"450",16,"Mon",266.642219528323,"Affluent","Std"
"451",16,"Tue",263.292182516084,"Affluent","Std"
"452",16,"Wed",251.676162662552,"Affluent","Std"
"453",16,"Thu",255.902689001543,"Affluent","Std"
"454",16,"Fri",264.128030636985,"Affluent","Std"
"455",16,"Sat",287.981650870619,"Affluent","Std"
"456",17,"Sun",353.977903901256,"Affluent","Std"
"457",17,"Mon",316.412249283668,"Affluent","Std"
"458",17,"Tue",308.60723360545,"Affluent","Std"
"459",17,"Wed",301.063009698038,"Affluent","Std"
"460",17,"Thu",305.135910293145,"Affluent","Std"
"461",17,"Fri",310.804937183161,"Affluent","Std"
"462",17,"Sat",331.330973109985,"Affluent","Std"
"463",18,"Sun",396.300418778929,"Affluent","Std"
"464",18,"Mon",373.345382411285,"Affluent","Std"
"465",18,"Tue",361.154998107801,"Affluent","Std"
"466",18,"Wed",361.361610094776,"Affluent","Std"
"467",18,"Thu",354.804386158254,"Affluent","Std"
"468",18,"Fri",358.275870619352,"Affluent","Std"
"469",18,"Sat",373.557223936522,"Affluent","Std"
"470",19,"Sun",413.784080890456,"Affluent","Std"
"471",19,"Mon",402.987601939608,"Affluent","Std"
"472",19,"Tue",392.469292317673,"Affluent","Std"
"473",19,"Wed",392.810282124752,"Affluent","Std"
"474",19,"Thu",384.000192858717,"Affluent","Std"
"475",19,"Fri",374.392605245757,"Affluent","Std"
"476",19,"Sat",386.435640290941,"Affluent","Std"
"477",20,"Sun",402.450903680846,"Affluent","Std"
"478",20,"Mon",403.270222614062,"Affluent","Std"
"479",20,"Tue",400.489403687084,"Affluent","Std"
"480",20,"Wed",400.328906766586,"Affluent","Std"
"481",20,"Thu",389.753416354419,"Affluent","Std"
"482",20,"Fri",372.619792814635,"Affluent","Std"
"483",20,"Sat",371.146655278819,"Affluent","Std"
"484",21,"Sun",374.787331937404,"Affluent","Std"
"485",21,"Mon",378.205063918889,"Affluent","Std"
"486",21,"Tue",378.923392982646,"Affluent","Std"
"487",21,"Wed",378.478757989861,"Affluent","Std"
"488",21,"Thu",374.002810227022,"Affluent","Std"
"489",21,"Fri",355.208011902138,"Affluent","Std"
"490",21,"Sat",350.610866211153,"Affluent","Std"
"491",22,"Sun",317.00570310778,"Affluent","Std"
"492",22,"Mon",322.283860480494,"Affluent","Std"
"493",22,"Tue",322.092014921339,"Affluent","Std"
"494",22,"Wed",324.627204099625,"Affluent","Std"
"495",22,"Thu",322.489392770553,"Affluent","Std"
"496",22,"Fri",315.275429799427,"Affluent","Std"
"497",22,"Sat",313.983083535376,"Affluent","Std"
"498",23,"Sun",242.140924619793,"Affluent","Std"
"499",23,"Mon",243.078052677981,"Affluent","Std"
"500",23,"Tue",245.256879493972,"Affluent","Std"
"501",23,"Wed",247.345602821248,"Affluent","Std"
"502",23,"Thu",249.037662552347,"Affluent","Std"
"503",23,"Fri",254.777826757769,"Affluent","Std"
"504",23,"Sat",256.261543971788,"Affluent","Std"
"505",0,"Sun",150.360486211901,"Affluent","ToU"
"506",0,"Mon",143.232492743106,"Affluent","ToU"
"507",0,"Tue",135.983802064792,"Affluent","ToU"
"508",0,"Wed",139.784198113208,"Affluent","ToU"
"509",0,"Thu",140.435776487663,"Affluent","ToU"
"510",0,"Fri",143.318305515239,"Affluent","ToU"
"511",0,"Sat",149.44412191582,"Affluent","ToU"
"512",1,"Sun",119.53601233672,"Affluent","ToU"
"513",1,"Mon",111.023312772134,"Affluent","ToU"
"514",1,"Tue",108.40281238875,"Affluent","ToU"
"515",1,"Wed",107.728410740203,"Affluent","ToU"
"516",1,"Thu",109.922169811321,"Affluent","ToU"
"517",1,"Fri",111.611030478955,"Affluent","ToU"
"518",1,"Sat",117.460994194485,"Affluent","ToU"
"519",2,"Sun",106.138969521045,"Affluent","ToU"
"520",2,"Mon",98.9863933236575,"Affluent","ToU"
"521",2,"Tue",99.5691527233891,"Affluent","ToU"
"522",2,"Wed",99.5349238026125,"Affluent","ToU"
"523",2,"Thu",101.455551523948,"Affluent","ToU"
"524",2,"Fri",101.332819303338,"Affluent","ToU"
"525",2,"Sat",104.861211901306,"Affluent","ToU"
"526",3,"Sun",97.8621190130624,"Affluent","ToU"
"527",3,"Mon",94.4368650217707,"Affluent","ToU"
"528",3,"Tue",95.8279636881452,"Affluent","ToU"
"529",3,"Wed",93.7207002902758,"Affluent","ToU"
"530",3,"Thu",96.7247822931785,"Affluent","ToU"
"531",3,"Fri",97.3638425253991,"Affluent","ToU"
"532",3,"Sat",97.6095791001451,"Affluent","ToU"
"533",4,"Sun",94.2735849056604,"Affluent","ToU"
"534",4,"Mon",95.0748367198839,"Affluent","ToU"
"535",4,"Tue",96.6132075471698,"Affluent","ToU"
"536",4,"Wed",95.2897314949202,"Affluent","ToU"
"537",4,"Thu",98.3362663280116,"Affluent","ToU"
"538",4,"Fri",97.9941944847605,"Affluent","ToU"
"539",4,"Sat",94.6610123367199,"Affluent","ToU"
"540",5,"Sun",97.9082910014514,"Affluent","ToU"
"541",5,"Mon",106.163552249637,"Affluent","ToU"
"542",5,"Tue",107.699270202919,"Affluent","ToU"
"543",5,"Wed",107.063769956459,"Affluent","ToU"
"544",5,"Thu",109.794720609579,"Affluent","ToU"
"545",5,"Fri",107.558417997097,"Affluent","ToU"
"546",5,"Sat",99.5021770682148,"Affluent","ToU"
"547",6,"Sun",123.681966618287,"Affluent","ToU"
"548",6,"Mon",143.03891509434,"Affluent","ToU"
"549",6,"Tue",148.773406906372,"Affluent","ToU"
"550",6,"Wed",144.799981857765,"Affluent","ToU"
"551",6,"Thu",149.655478955007,"Affluent","ToU"
"552",6,"Fri",146.035649492017,"Affluent","ToU"
"553",6,"Sat",127.440584179971,"Affluent","ToU"
"554",7,"Sun",153.483581277213,"Affluent","ToU"
"555",7,"Mon",175.353410740203,"Affluent","ToU"
"556",7,"Tue",181.703097187611,"Affluent","ToU"
"557",7,"Wed",177.966346153846,"Affluent","ToU"
"558",7,"Thu",182.889060232221,"Affluent","ToU"
"559",7,"Fri",180.752449201742,"Affluent","ToU"
"560",7,"Sat",162.133254716981,"Affluent","ToU"
"561",8,"Sun",191.374455732946,"Affluent","ToU"
"562",8,"Mon",196.184506531205,"Affluent","ToU"
"563",8,"Tue",196.560608757565,"Affluent","ToU"
"564",8,"Wed",189.86547532656,"Affluent","ToU"
"565",8,"Thu",192.894775036284,"Affluent","ToU"
"566",8,"Fri",199.35948838897,"Affluent","ToU"
"567",8,"Sat",195.151850507983,"Affluent","ToU"
"568",9,"Sun",207.327558055152,"Affluent","ToU"
"569",9,"Mon",195.630533381713,"Affluent","ToU"
"570",9,"Tue",191.214934140263,"Affluent","ToU"
"571",9,"Wed",190.873457910015,"Affluent","ToU"
"572",9,"Thu",184.528574020319,"Affluent","ToU"
"573",9,"Fri",197.026759796807,"Affluent","ToU"
"574",9,"Sat",206.230859941945,"Affluent","ToU"
"575",10,"Sun",216.369557329463,"Affluent","ToU"
"576",10,"Mon",185.326015965167,"Affluent","ToU"
"577",10,"Tue",182.851370594518,"Affluent","ToU"
"578",10,"Wed",184.745917997097,"Affluent","ToU"
"579",10,"Thu",176.787010159652,"Affluent","ToU"
"580",10,"Fri",188.424165457184,"Affluent","ToU"
"581",10,"Sat",202.175798258345,"Affluent","ToU"
"582",11,"Sun",215.871371552975,"Affluent","ToU"
"583",11,"Mon",175.426251814224,"Affluent","ToU"
"584",11,"Tue",176.448291206835,"Affluent","ToU"
"585",11,"Wed",177.827920899855,"Affluent","ToU"
"586",11,"Thu",170.458907837446,"Affluent","ToU"
"587",11,"Fri",180.311774310595,"Affluent","ToU"
"588",11,"Sat",205.84479317852,"Affluent","ToU"
"589",12,"Sun",226.422351233672,"Affluent","ToU"
"590",12,"Mon",181.714078374456,"Affluent","ToU"
"591",12,"Tue",182.041384834461,"Affluent","ToU"
"592",12,"Wed",176.773947750363,"Affluent","ToU"
"593",12,"Thu",170.698113207547,"Affluent","ToU"
"594",12,"Fri",177.836810595065,"Affluent","ToU"
"595",12,"Sat",203.206730769231,"Affluent","ToU"
"596",13,"Sun",225.976505805515,"Affluent","ToU"
"597",13,"Mon",181.749727866473,"Affluent","ToU"
"598",13,"Tue",187.859736561054,"Affluent","ToU"
"599",13,"Wed",175.805243105951,"Affluent","ToU"
"600",13,"Thu",172.058236574746,"Affluent","ToU"
"601",13,"Fri",177.332275036284,"Affluent","ToU"
"602",13,"Sat",197.439223512337,"Affluent","ToU"
"603",14,"Sun",218.944031204644,"Affluent","ToU"
"604",14,"Mon",177.163370827286,"Affluent","ToU"
"605",14,"Tue",177.74466002136,"Affluent","ToU"
"606",14,"Wed",166.452739477504,"Affluent","ToU"
"607",14,"Thu",168.047441944848,"Affluent","ToU"
"608",14,"Fri",173.832819303338,"Affluent","ToU"
"609",14,"Sat",192.326560232221,"Affluent","ToU"
"610",15,"Sun",221.532928156749,"Affluent","ToU"
"611",15,"Mon",179.165457184325,"Affluent","ToU"
"612",15,"Tue",175.554378782485,"Affluent","ToU"
"613",15,"Wed",169.956005079826,"Affluent","ToU"
"614",15,"Thu",173.979499274311,"Affluent","ToU"
"615",15,"Fri",178.985214078374,"Affluent","ToU"
"616",15,"Sat",199.668994920174,"Affluent","ToU"
"617",16,"Sun",246.765874455733,"Affluent","ToU"
"618",16,"Mon",202.153483309144,"Affluent","ToU"
"619",16,"Tue",203.337130651477,"Affluent","ToU"
"620",16,"Wed",195.247369375907,"Affluent","ToU"
"621",16,"Thu",200.620555152395,"Affluent","ToU"
"622",16,"Fri",201.627721335269,"Affluent","ToU"
"623",16,"Sat",218.421534833091,"Affluent","ToU"
"624",17,"Sun",283.776396952105,"Affluent","ToU"
"625",17,"Mon",245.755533381713,"Affluent","ToU"
"626",17,"Tue",247.174083303667,"Affluent","ToU"
"627",17,"Wed",235.790457184325,"Affluent","ToU"
"628",17,"Thu",241.03020682148,"Affluent","ToU"
"629",17,"Fri",245.116473149492,"Affluent","ToU"
"630",17,"Sat",256.036465892598,"Affluent","ToU"
"631",18,"Sun",310.016418722787,"Affluent","ToU"
"632",18,"Mon",294.043904208999,"Affluent","ToU"
"633",18,"Tue",293.669010323959,"Affluent","ToU"
"634",18,"Wed",285.596879535559,"Affluent","ToU"
"635",18,"Thu",286.073022496372,"Affluent","ToU"
"636",18,"Fri",289.042180696662,"Affluent","ToU"
"637",18,"Sat",280.089441219158,"Affluent","ToU"
"638",19,"Sun",313.930968795356,"Affluent","ToU"
"639",19,"Mon",312.138969521045,"Affluent","ToU"
"640",19,"Tue",313.713866144535,"Affluent","ToU"
"641",19,"Wed",302.499637155298,"Affluent","ToU"
"642",19,"Thu",299.754626269956,"Affluent","ToU"
"643",19,"Fri",299.435413642961,"Affluent","ToU"
"644",19,"Sat",288.874909288824,"Affluent","ToU"
"645",20,"Sun",304.693486937591,"Affluent","ToU"
"646",20,"Mon",311.691672714078,"Affluent","ToU"
"647",20,"Tue",304.593093627625,"Affluent","ToU"
"648",20,"Wed",293.560050798258,"Affluent","ToU"
"649",20,"Thu",289.563407111756,"Affluent","ToU"
"650",20,"Fri",286.013334542816,"Affluent","ToU"
"651",20,"Sat",276.902031930334,"Affluent","ToU"
"652",21,"Sun",288.729045718433,"Affluent","ToU"
"653",21,"Mon",292.803701015965,"Affluent","ToU"
"654",21,"Tue",283.694820220719,"Affluent","ToU"
"655",21,"Wed",276.314404934688,"Affluent","ToU"
"656",21,"Thu",275.218976777939,"Affluent","ToU"
"657",21,"Fri",270.782656023222,"Affluent","ToU"
"658",21,"Sat",261.693849782293,"Affluent","ToU"
"659",22,"Sun",247.557510885341,"Affluent","ToU"
"660",22,"Mon",245.592978955007,"Affluent","ToU"
"661",22,"Tue",246.596831612674,"Affluent","ToU"
"662",22,"Wed",241.771044992743,"Affluent","ToU"
"663",22,"Thu",243.481404208999,"Affluent","ToU"
"664",22,"Fri",238.262336719884,"Affluent","ToU"
"665",22,"Sat",235.296897677794,"Affluent","ToU"
"666",23,"Sun",190.321933962264,"Affluent","ToU"
"667",23,"Mon",184.447568940493,"Affluent","ToU"
"668",23,"Tue",189.72241011036,"Affluent","ToU"
"669",23,"Wed",186.761883164006,"Affluent","ToU"
"670",23,"Thu",191.012246008708,"Affluent","ToU"
"671",23,"Fri",187.332728592163,"Affluent","ToU"
"672",23,"Sat",189.364114658926,"Affluent","ToU"
"673",0,"Sun",131.657692307692,"Adversity","ToU"
"674",0,"Mon",119.936126373626,"Adversity","ToU"
"675",0,"Tue",119.974528301887,"Adversity","ToU"
"676",0,"Wed",119.969230769231,"Adversity","ToU"
"677",0,"Thu",121.889285714286,"Adversity","ToU"
"678",0,"Fri",125.55,"Adversity","ToU"
"679",0,"Sat",124.109065934066,"Adversity","ToU"
"680",1,"Sun",103.518543956044,"Adversity","ToU"
"681",1,"Mon",95.023489010989,"Adversity","ToU"
"682",1,"Tue",97.0048517520216,"Adversity","ToU"
"683",1,"Wed",96.9278846153846,"Adversity","ToU"
"684",1,"Thu",99.0118131868132,"Adversity","ToU"
"685",1,"Fri",101.812774725275,"Adversity","ToU"
"686",1,"Sat",100.096291208791,"Adversity","ToU"
"687",2,"Sun",101.473626373626,"Adversity","ToU"
"688",2,"Mon",92.7309065934066,"Adversity","ToU"
"689",2,"Tue",94.9766846361186,"Adversity","ToU"
"690",2,"Wed",93.9017857142857,"Adversity","ToU"
"691",2,"Thu",96.8471153846154,"Adversity","ToU"
"692",2,"Fri",98.4925824175824,"Adversity","ToU"
"693",2,"Sat",98.3199175824176,"Adversity","ToU"
"694",3,"Sun",89.1673076923077,"Adversity","ToU"
"695",3,"Mon",85.064010989011,"Adversity","ToU"
"696",3,"Tue",85.5692722371968,"Adversity","ToU"
"697",3,"Wed",85.2846153846154,"Adversity","ToU"
"698",3,"Thu",86.5034340659341,"Adversity","ToU"
"699",3,"Fri",87.3,"Adversity","ToU"
"700",3,"Sat",88.8909340659341,"Adversity","ToU"
"701",4,"Sun",81.7987637362637,"Adversity","ToU"
"702",4,"Mon",81.0259615384615,"Adversity","ToU"
"703",4,"Tue",82.0656334231806,"Adversity","ToU"
"704",4,"Wed",83.2266483516484,"Adversity","ToU"
"705",4,"Thu",83.1388736263736,"Adversity","ToU"
"706",4,"Fri",82.6934065934066,"Adversity","ToU"
"707",4,"Sat",82.7755494505494,"Adversity","ToU"
"708",5,"Sun",84.253021978022,"Adversity","ToU"
"709",5,"Mon",93.9528846153846,"Adversity","ToU"
"710",5,"Tue",94.7854447439353,"Adversity","ToU"
"711",5,"Wed",95.7212912087912,"Adversity","ToU"
"712",5,"Thu",96.6138736263736,"Adversity","ToU"
"713",5,"Fri",94.7758241758242,"Adversity","ToU"
"714",5,"Sat",86.9269230769231,"Adversity","ToU"
"715",6,"Sun",105.896291208791,"Adversity","ToU"
"716",6,"Mon",125.386126373626,"Adversity","ToU"
"717",6,"Tue",128.344070080863,"Adversity","ToU"
"718",6,"Wed",124.550824175824,"Adversity","ToU"
"719",6,"Thu",126.611401098901,"Adversity","ToU"
"720",6,"Fri",124.594505494505,"Adversity","ToU"
"721",6,"Sat",110.571565934066,"Adversity","ToU"
"722",7,"Sun",145.185989010989,"Adversity","ToU"
"723",7,"Mon",158.917445054945,"Adversity","ToU"
"724",7,"Tue",165.547169811321,"Adversity","ToU"
"725",7,"Wed",159.560714285714,"Adversity","ToU"
"726",7,"Thu",159.354532967033,"Adversity","ToU"
"727",7,"Fri",156.560714285714,"Adversity","ToU"
"728",7,"Sat",141.91043956044,"Adversity","ToU"
"729",8,"Sun",184.228708791209,"Adversity","ToU"
"730",8,"Mon",174.989285714286,"Adversity","ToU"
"731",8,"Tue",172.587870619946,"Adversity","ToU"
"732",8,"Wed",172.0625,"Adversity","ToU"
"733",8,"Thu",175.368406593407,"Adversity","ToU"
"734",8,"Fri",172.767032967033,"Adversity","ToU"
"735",8,"Sat",176.739972527473,"Adversity","ToU"
"736",9,"Sun",199.310164835165,"Adversity","ToU"
"737",9,"Mon",180.62706043956,"Adversity","ToU"
"738",9,"Tue",167.353908355795,"Adversity","ToU"
"739",9,"Wed",171.402197802198,"Adversity","ToU"
"740",9,"Thu",163.680357142857,"Adversity","ToU"
"741",9,"Fri",171.470467032967,"Adversity","ToU"
"742",9,"Sat",193.377472527473,"Adversity","ToU"
"743",10,"Sun",206.087912087912,"Adversity","ToU"
"744",10,"Mon",181.870467032967,"Adversity","ToU"
"745",10,"Tue",161.559164420485,"Adversity","ToU"
"746",10,"Wed",169.541208791209,"Adversity","ToU"
"747",10,"Thu",161.982554945055,"Adversity","ToU"
"748",10,"Fri",174.943818681319,"Adversity","ToU"
"749",10,"Sat",191.770054945055,"Adversity","ToU"
"750",11,"Sun",222.299038461538,"Adversity","ToU"
"751",11,"Mon",180.435302197802,"Adversity","ToU"
"752",11,"Tue",161.238948787062,"Adversity","ToU"
"753",11,"Wed",168.868543956044,"Adversity","ToU"
"754",11,"Thu",164.836126373626,"Adversity","ToU"
"755",11,"Fri",172.113186813187,"Adversity","ToU"
"756",11,"Sat",188.732967032967,"Adversity","ToU"
"757",12,"Sun",232.282554945055,"Adversity","ToU"
"758",12,"Mon",180.571428571429,"Adversity","ToU"
"759",12,"Tue",170.996765498652,"Adversity","ToU"
"760",12,"Wed",175.105082417582,"Adversity","ToU"
"761",12,"Thu",174.616483516484,"Adversity","ToU"
"762",12,"Fri",180.393681318681,"Adversity","ToU"
"763",12,"Sat",194.538049450549,"Adversity","ToU"
"764",13,"Sun",240.654258241758,"Adversity","ToU"
"765",13,"Mon",181.34532967033,"Adversity","ToU"
"766",13,"Tue",169.907681940701,"Adversity","ToU"
"767",13,"Wed",176.23956043956,"Adversity","ToU"
"768",13,"Thu",173.03956043956,"Adversity","ToU"
"769",13,"Fri",174.708791208791,"Adversity","ToU"
"770",13,"Sat",197.264972527473,"Adversity","ToU"
"771",14,"Sun",234.935989010989,"Adversity","ToU"
"772",14,"Mon",175.586538461538,"Adversity","ToU"
"773",14,"Tue",167.777628032345,"Adversity","ToU"
"774",14,"Wed",173.913324175824,"Adversity","ToU"
"775",14,"Thu",177.685851648352,"Adversity","ToU"
"776",14,"Fri",176.262912087912,"Adversity","ToU"
"777",14,"Sat",196.918956043956,"Adversity","ToU"
"778",15,"Sun",235.24217032967,"Adversity","ToU"
"779",15,"Mon",186.688736263736,"Adversity","ToU"
"780",15,"Tue",176.414150943396,"Adversity","ToU"
"781",15,"Wed",188.396153846154,"Adversity","ToU"
"782",15,"Thu",186.180494505494,"Adversity","ToU"
"783",15,"Fri",188.778708791209,"Adversity","ToU"
"784",15,"Sat",197.678296703297,"Adversity","ToU"
"785",16,"Sun",248.877472527473,"Adversity","ToU"
"786",16,"Mon",213.010714285714,"Adversity","ToU"
"787",16,"Tue",209.430727762803,"Adversity","ToU"
"788",16,"Wed",216.505494505495,"Adversity","ToU"
"789",16,"Thu",212.446428571429,"Adversity","ToU"
"790",16,"Fri",216.64793956044,"Adversity","ToU"
"791",16,"Sat",222.627335164835,"Adversity","ToU"
"792",17,"Sun",268.137225274725,"Adversity","ToU"
"793",17,"Mon",249.955494505494,"Adversity","ToU"
"794",17,"Tue",247.220350404313,"Adversity","ToU"
"795",17,"Wed",247.589835164835,"Adversity","ToU"
"796",17,"Thu",243.458791208791,"Adversity","ToU"
"797",17,"Fri",243.538324175824,"Adversity","ToU"
"798",17,"Sat",236.925412087912,"Adversity","ToU"
"799",18,"Sun",268.25,"Adversity","ToU"
"800",18,"Mon",273.622527472527,"Adversity","ToU"
"801",18,"Tue",275.209838274933,"Adversity","ToU"
"802",18,"Wed",272.131318681319,"Adversity","ToU"
"803",18,"Thu",269.948489010989,"Adversity","ToU"
"804",18,"Fri",270.106868131868,"Adversity","ToU"
"805",18,"Sat",257.030631868132,"Adversity","ToU"
"806",19,"Sun",262.957967032967,"Adversity","ToU"
"807",19,"Mon",266.18282967033,"Adversity","ToU"
"808",19,"Tue",269.774663072776,"Adversity","ToU"
"809",19,"Wed",267.744230769231,"Adversity","ToU"
"810",19,"Thu",263.956593406593,"Adversity","ToU"
"811",19,"Fri",260.788873626374,"Adversity","ToU"
"812",19,"Sat",253.807417582418,"Adversity","ToU"
"813",20,"Sun",250.721153846154,"Adversity","ToU"
"814",20,"Mon",250.371291208791,"Adversity","ToU"
"815",20,"Tue",253.458490566038,"Adversity","ToU"
"816",20,"Wed",253.91717032967,"Adversity","ToU"
"817",20,"Thu",248.264697802198,"Adversity","ToU"
"818",20,"Fri",246.828983516484,"Adversity","ToU"
"819",20,"Sat",241.291208791209,"Adversity","ToU"
"820",21,"Sun",230.626923076923,"Adversity","ToU"
"821",21,"Mon",240.703571428571,"Adversity","ToU"
"822",21,"Tue",236.664420485175,"Adversity","ToU"
"823",21,"Wed",235.992032967033,"Adversity","ToU"
"824",21,"Thu",233.083104395604,"Adversity","ToU"
"825",21,"Fri",225.752335164835,"Adversity","ToU"
"826",21,"Sat",225.652884615385,"Adversity","ToU"
"827",22,"Sun",199.59793956044,"Adversity","ToU"
"828",22,"Mon",199.513736263736,"Adversity","ToU"
"829",22,"Tue",205.524663072776,"Adversity","ToU"
"830",22,"Wed",201.310164835165,"Adversity","ToU"
"831",22,"Thu",201.24010989011,"Adversity","ToU"
"832",22,"Fri",196.796978021978,"Adversity","ToU"
"833",22,"Sat",198.358653846154,"Adversity","ToU"
"834",23,"Sun",153.715247252747,"Adversity","ToU"
"835",23,"Mon",153.677747252747,"Adversity","ToU"
"836",23,"Tue",161.389757412399,"Adversity","ToU"
"837",23,"Wed",157.583104395604,"Adversity","ToU"
"838",23,"Thu",160.830082417582,"Adversity","ToU"
"839",23,"Fri",161.881868131868,"Adversity","ToU"
"840",23,"Sat",163.788736263736,"Adversity","ToU"
"841",0,"Sun",194.110320284698,"Adversity","Std"
"842",0,"Mon",183.018957021626,"Adversity","Std"
"843",0,"Tue",180.254314107299,"Adversity","Std"
"844",0,"Wed",180.262044894607,"Adversity","Std"
"845",0,"Thu",182.889098001642,"Adversity","Std"
"846",0,"Fri",181.67033944703,"Adversity","Std"
"847",0,"Sat",190.887455516014,"Adversity","Std"
"848",1,"Sun",148.015740487271,"Adversity","Std"
"849",1,"Mon",139.060190254585,"Adversity","Std"
"850",1,"Tue",138.789263412341,"Adversity","Std"
"851",1,"Wed",137.80813714755,"Adversity","Std"
"852",1,"Thu",139.1017314536,"Adversity","Std"
"853",1,"Fri",139.239426498768,"Adversity","Std"
"854",1,"Sat",145.058924171914,"Adversity","Std"
"855",2,"Sun",122.728373939228,"Adversity","Std"
"856",2,"Mon",116.302422666302,"Adversity","Std"
"857",2,"Tue",116.562210434432,"Adversity","Std"
"858",2,"Wed",116.255030112237,"Adversity","Std"
"859",2,"Thu",118.204318368464,"Adversity","Std"
"860",2,"Fri",118.027785381878,"Adversity","Std"
"861",2,"Sat",121.146626060772,"Adversity","Std"
"862",3,"Sun",108.555433889953,"Adversity","Std"
"863",3,"Mon",103.787742950999,"Adversity","Std"
"864",3,"Tue",104.140972268851,"Adversity","Std"
"865",3,"Wed",104.171366000547,"Adversity","Std"
"866",3,"Thu",105.072782644402,"Adversity","Std"
"867",3,"Fri",105.485422940049,"Adversity","Std"
"868",3,"Sat",107.064364905557,"Adversity","Std"
"869",4,"Sun",106.434574322475,"Adversity","Std"
"870",4,"Mon",104.117061319463,"Adversity","Std"
"871",4,"Tue",103.946048479151,"Adversity","Std"
"872",4,"Wed",104.771112784013,"Adversity","Std"
"873",4,"Thu",105.075793868054,"Adversity","Std"
"874",4,"Fri",106.147789488092,"Adversity","Std"
"875",4,"Sat",104.92150287435,"Adversity","Std"
"876",5,"Sun",105.757391185327,"Adversity","Std"
"877",5,"Mon",110.182658089242,"Adversity","Std"
"878",5,"Tue",111.670449204324,"Adversity","Std"
"879",5,"Wed",111.999760470846,"Adversity","Std"
"880",5,"Thu",112.433513550506,"Adversity","Std"
"881",5,"Fri",113.211675335341,"Adversity","Std"
"882",5,"Sat",106.452710101287,"Adversity","Std"
"883",6,"Sun",124.270496851903,"Adversity","Std"
"884",6,"Mon",143.331611004654,"Adversity","Std"
"885",6,"Tue",146.875746995233,"Adversity","Std"
"886",6,"Wed",147.257493840679,"Adversity","Std"
"887",6,"Thu",146.87150971804,"Adversity","Std"
"888",6,"Fri",147.258931015604,"Adversity","Std"
"889",6,"Sat",127.958185053381,"Adversity","Std"
"890",7,"Sun",147.056734191076,"Adversity","Std"
"891",7,"Mon",172.470777443197,"Adversity","Std"
"892",7,"Tue",170.996777009333,"Adversity","Std"
"893",7,"Wed",172.775287434985,"Adversity","Std"
"894",7,"Thu",171.734088420476,"Adversity","Std"
"895",7,"Fri",171.889098001642,"Adversity","Std"
"896",7,"Sat",147.558376676704,"Adversity","Std"
"897",8,"Sun",185.817581439912,"Adversity","Std"
"898",8,"Mon",186.105735012319,"Adversity","Std"
"899",8,"Tue",182.133485530115,"Adversity","Std"
"900",8,"Wed",182.55290172461,"Adversity","Std"
"901",8,"Thu",181.289898713386,"Adversity","Std"
"902",8,"Fri",183.562551327676,"Adversity","Std"
"903",8,"Sat",181.842663564194,"Adversity","Std"
"904",9,"Sun",210.924787845606,"Adversity","Std"
"905",9,"Mon",181.491411168902,"Adversity","Std"
"906",9,"Tue",177.772611293896,"Adversity","Std"
"907",9,"Wed",177.316486449494,"Adversity","Std"
"908",9,"Thu",177.974267725157,"Adversity","Std"
"909",9,"Fri",180.376710922529,"Adversity","Std"
"910",9,"Sat",195.708493019436,"Adversity","Std"
"911",10,"Sun",218.299548316452,"Adversity","Std"
"912",10,"Mon",184.835854092527,"Adversity","Std"
"913",10,"Tue",176.772779157994,"Adversity","Std"
"914",10,"Wed",176.555604982206,"Adversity","Std"
"915",10,"Thu",177.207226936764,"Adversity","Std"
"916",10,"Fri",179.884375855461,"Adversity","Std"
"917",10,"Sat",205.242916780728,"Adversity","Std"
"918",11,"Sun",221.073090610457,"Adversity","Std"
"919",11,"Mon",182.281173008486,"Adversity","Std"
"920",11,"Tue",174.326361377829,"Adversity","Std"
"921",11,"Wed",174.098651793047,"Adversity","Std"
"922",11,"Thu",172.31860799343,"Adversity","Std"
"923",11,"Fri",176.800061593211,"Adversity","Std"
"924",11,"Sat",204.415583082398,"Adversity","Std"
"925",12,"Sun",226.12034629072,"Adversity","Std"
"926",12,"Mon",185.656583629893,"Adversity","Std"
"927",12,"Tue",174.714161015242,"Adversity","Std"
"928",12,"Wed",175.42964686559,"Adversity","Std"
"929",12,"Thu",173.600362715576,"Adversity","Std"
"930",12,"Fri",176.817068163154,"Adversity","Std"
"931",12,"Sat",207.580550232685,"Adversity","Std"
"932",13,"Sun",226.777819600328,"Adversity","Std"
"933",13,"Mon",182.897618395839,"Adversity","Std"
"934",13,"Tue",172.922245350165,"Adversity","Std"
"935",13,"Wed",174.273918696961,"Adversity","Std"
"936",13,"Thu",171.502224199288,"Adversity","Std"
"937",13,"Fri",175.325212154394,"Adversity","Std"
"938",13,"Sat",204.868464275938,"Adversity","Std"
"939",14,"Sun",227.255098549138,"Adversity","Std"
"940",14,"Mon",183.577436353682,"Adversity","Std"
"941",14,"Tue",174.9152286309,"Adversity","Std"
"942",14,"Wed",174.237339173282,"Adversity","Std"
"943",14,"Thu",173.127053107035,"Adversity","Std"
"944",14,"Fri",176.178243909116,"Adversity","Std"
"945",14,"Sat",204.620722693676,"Adversity","Std"
"946",15,"Sun",229.872262523953,"Adversity","Std"
"947",15,"Mon",190.485628250753,"Adversity","Std"
"948",15,"Tue",185.071577251058,"Adversity","Std"
"949",15,"Wed",182.782610183411,"Adversity","Std"
"950",15,"Thu",181.543662742951,"Adversity","Std"
"951",15,"Fri",183.23258280865,"Adversity","Std"
"952",15,"Sat",207.630269641391,"Adversity","Std"
"953",16,"Sun",244.186216808103,"Adversity","Std"
"954",16,"Mon",216.695182042157,"Adversity","Std"
"955",16,"Tue",212.462801316055,"Adversity","Std"
"956",16,"Wed",210.921297563646,"Adversity","Std"
"957",16,"Thu",208.143135778812,"Adversity","Std"
"958",16,"Fri",208.058855735012,"Adversity","Std"
"959",16,"Sat",222.441760197098,"Adversity","Std"
"960",17,"Sun",260.849917875719,"Adversity","Std"
"961",17,"Mon",258.609122638927,"Adversity","Std"
"962",17,"Tue",254.928288457665,"Adversity","Std"
"963",17,"Wed",251.992677251574,"Adversity","Std"
"964",17,"Thu",247.912434984944,"Adversity","Std"
"965",17,"Fri",247.320763755817,"Adversity","Std"
"966",17,"Sat",246.396249657816,"Adversity","Std"
"967",18,"Sun",270.445661100465,"Adversity","Std"
"968",18,"Mon",275.745893785929,"Adversity","Std"
"969",18,"Tue",274.634224132143,"Adversity","Std"
"970",18,"Wed",273.043491650698,"Adversity","Std"
"971",18,"Thu",269.60176567205,"Adversity","Std"
"972",18,"Fri",268.269675609088,"Adversity","Std"
"973",18,"Sat",261.091431699973,"Adversity","Std"
"974",19,"Sun",268.661374212976,"Adversity","Std"
"975",19,"Mon",273.079831645223,"Adversity","Std"
"976",19,"Tue",269.30930638555,"Adversity","Std"
"977",19,"Wed",272.492608814673,"Adversity","Std"
"978",19,"Thu",266.571790309335,"Adversity","Std"
"979",19,"Fri",263.397207774432,"Adversity","Std"
"980",19,"Sat",257.181186695866,"Adversity","Std"
"981",20,"Sun",261.369696140159,"Adversity","Std"
"982",20,"Mon",263.50810977279,"Adversity","Std"
"983",20,"Tue",262.713523131673,"Adversity","Std"
"984",20,"Wed",263.563406788941,"Adversity","Std"
"985",20,"Thu",261.873186422119,"Adversity","Std"
"986",20,"Fri",254.62150971804,"Adversity","Std"
"987",20,"Sat",248.856453599781,"Adversity","Std"
"988",21,"Sun",245.637523952915,"Adversity","Std"
"989",21,"Mon",248.203805091705,"Adversity","Std"
"990",21,"Tue",244.937185254818,"Adversity","Std"
"991",21,"Wed",246.312482890775,"Adversity","Std"
"992",21,"Thu",244.303928278128,"Adversity","Std"
"993",21,"Fri",240.549787845606,"Adversity","Std"
"994",21,"Sat",237.128592937312,"Adversity","Std"
"995",22,"Sun",211.321311251027,"Adversity","Std"
"996",22,"Mon",213.438783191897,"Adversity","Std"
"997",22,"Tue",211.972638152152,"Adversity","Std"
"998",22,"Wed",212.960340815768,"Adversity","Std"
"999",22,"Thu",211.050095811662,"Adversity","Std"
"1000",22,"Fri",213.093382151656,"Adversity","Std"
"1001",22,"Sat",210.181494661922,"Adversity","Std"
"1002",23,"Sun",170.881741034766,"Adversity","Std"
"1003",23,"Mon",171.867198193266,"Adversity","Std"
"1004",23,"Tue",170.522090915195,"Adversity","Std"
"1005",23,"Wed",171.934574322475,"Adversity","Std"
"1006",23,"Thu",172.280728168629,"Adversity","Std"
"1007",23,"Fri",177.370585819874,"Adversity","Std"
"1008",23,"Sat",179.486825896523,"Adversity","Std"
